M,M_lb,M_ub
524.3063213013052,137.52529804249036,17209.677766708566
