M,M_lb,M_ub
559.4574155305473,138.7450981495711,15494.957758150274
