M,M_lb,M_ub
561.1632558947115,141.477864046283,26331.21297128074
