M,M_lb,M_ub
561.1632558947115,141.4773524849798,26323.27247094907
