t_Omicron_BA2,c_Omicron_BA2,k_Omicron_BA2_w1,k_Omicron_BA2_w2,k_Omicron_BA2_w3,qt_Omicron_BA2,maxll,convergence
2022-02-08,1.0,1.4698382780452413,1.3403150592173685,1.2700618610474037,0.056207547911472505,-41.76228589243189,FTOL_REACHED
