t_Omicron_BA2,c_Omicron_BA2,k_Omicron_BA2,qt_Omicron_BA2,maxll,convergence
2022-02-01,1.0,1.3301919578561852,0.01655709956368797,-50.356167820345156,FTOL_REACHED
