t_Omicron_BA2,c_Omicron_BA2,k_Omicron_BA2,qt_Omicron_BA2,maxll,convergence
2022-02-01,0.013508129179996681,1.1643647025135042,0.0036486213591965227,-44.216391142653706,FTOL_REACHED
