maxll,num_pars,AIC
-52.93562762186809,3,111.87125524373619
