maxll,num_pars,AIC
-54.88221024476045,2,113.7644204895209
