maxll,num_pars,AIC
-52.79946745200824,3,111.59893490401647
