maxll,num_pars,AIC
-52.90986868922485,3,111.8197373784497
