maxll,num_pars,AIC
-54.88221024476295,2,113.7644204895259
