D,D_lb,D_ub
710.2211928349373,466.50504563656875,1057.246402603032
